id,name,age,course,email,born
100,Yolane,49,1,NaN.undefined@gmail.com,2004-05-01
101,Veda,65,3,NaN.undefined@gmail.com,1957-08-30
102,Hayley,55,3,NaN.undefined@gmail.com,2004-12-24
103,Catharine,48,3,NaN.undefined@gmail.com,1993-04-27
104,Alameda,24,2,NaN.undefined@gmail.com,1946-01-10
105,Sallie,28,2,NaN.undefined@gmail.com,1958-09-13
106,Althea,29,5,NaN.undefined@gmail.com,1997-08-05
107,Paola,31,5,NaN.undefined@gmail.com,1938-11-04
108,Wynne,34,1,NaN.undefined@gmail.com,2001-11-10
109,Mary,21,5,NaN.undefined@gmail.com,1971-04-25
110,Madalyn,39,5,NaN.undefined@gmail.com,1966-04-10
111,Dolli,60,4,NaN.undefined@gmail.com,1977-01-07
112,Angela,30,3,NaN.undefined@gmail.com,1999-05-10
113,Talya,24,5,NaN.undefined@gmail.com,1960-08-15
114,Inga,18,1,NaN.undefined@gmail.com,1955-05-24
115,Meg,64,2,NaN.undefined@gmail.com,1991-05-14
116,Winny,23,5,NaN.undefined@gmail.com,1944-02-03
117,Dulcinea,62,3,NaN.undefined@gmail.com,1943-09-02
118,Zsa Zsa,18,2,NaN.undefined@gmail.com,1965-10-15
119,Elsie,41,2,NaN.undefined@gmail.com,1982-03-14
120,Evita,62,1,NaN.undefined@gmail.com,1970-09-05
121,Yvonne,34,5,NaN.undefined@gmail.com,1991-12-02
122,Donetta,39,2,NaN.undefined@gmail.com,1999-08-15
123,Margalo,47,5,NaN.undefined@gmail.com,1966-04-25
124,Andeee,46,2,NaN.undefined@gmail.com,1965-12-12
125,Queenie,43,5,NaN.undefined@gmail.com,1999-06-04
126,Iseabal,27,3,NaN.undefined@gmail.com,1976-12-30
127,Evita,41,5,NaN.undefined@gmail.com,1990-07-29
128,Dione,42,2,NaN.undefined@gmail.com,1997-04-17
129,Lenna,50,4,NaN.undefined@gmail.com,1991-12-18
130,Taffy,45,1,NaN.undefined@gmail.com,1986-10-10
131,Jillayne,58,4,NaN.undefined@gmail.com,1945-09-11
132,Asia,36,2,NaN.undefined@gmail.com,1946-12-02
133,Jolyn,38,1,NaN.undefined@gmail.com,1982-10-12
134,Elka,49,3,NaN.undefined@gmail.com,1994-09-21
135,Wileen,60,3,NaN.undefined@gmail.com,1991-05-22
136,Sam,50,3,NaN.undefined@gmail.com,1995-11-03
137,Merle,56,1,NaN.undefined@gmail.com,1968-10-03
138,Carmencita,34,3,NaN.undefined@gmail.com,1937-09-30
139,Fernande,35,1,NaN.undefined@gmail.com,1965-01-18
140,Jinny,47,4,NaN.undefined@gmail.com,1983-04-28
141,Regina,52,2,NaN.undefined@gmail.com,1980-07-16
142,Talya,27,4,NaN.undefined@gmail.com,1987-01-21
143,Donetta,67,2,NaN.undefined@gmail.com,1977-01-15
144,Nadine,53,2,NaN.undefined@gmail.com,1972-05-28
145,Marsiella,47,5,NaN.undefined@gmail.com,1941-12-17
146,Andree,41,1,NaN.undefined@gmail.com,1997-06-19
147,Marita,29,4,NaN.undefined@gmail.com,1961-09-06
148,Randa,66,3,NaN.undefined@gmail.com,1976-07-09
149,Antonietta,26,1,NaN.undefined@gmail.com,1973-08-14
150,Kenna,56,5,NaN.undefined@gmail.com,1963-05-05
151,Marjie,64,2,NaN.undefined@gmail.com,1996-07-11
152,Carree,65,4,NaN.undefined@gmail.com,1990-01-26
153,Tatiania,42,4,NaN.undefined@gmail.com,2002-01-17
154,Edyth,21,3,NaN.undefined@gmail.com,1971-03-23
155,Sashenka,27,5,NaN.undefined@gmail.com,1960-05-03
156,Gloria,34,4,NaN.undefined@gmail.com,1995-03-31
157,Bettine,28,3,NaN.undefined@gmail.com,1930-11-08
158,Mildrid,19,3,NaN.undefined@gmail.com,1964-12-31
159,Lily,39,4,NaN.undefined@gmail.com,1970-12-20
160,Harmonia,38,2,NaN.undefined@gmail.com,1954-07-06
161,Rhoda,62,5,NaN.undefined@gmail.com,1950-04-08
162,Queenie,33,1,NaN.undefined@gmail.com,1998-06-22
163,Sharlene,23,4,NaN.undefined@gmail.com,1985-09-02
164,Laure,51,3,NaN.undefined@gmail.com,2004-03-21
165,Claresta,58,3,NaN.undefined@gmail.com,1940-12-15
166,Heida,70,5,NaN.undefined@gmail.com,1996-12-03
167,Brena,31,2,NaN.undefined@gmail.com,1955-12-15
168,Neila,23,1,NaN.undefined@gmail.com,2002-08-24
169,Raquela,69,3,NaN.undefined@gmail.com,1961-06-25
170,Edith,47,5,NaN.undefined@gmail.com,1930-08-21
171,Sadie,40,3,NaN.undefined@gmail.com,1943-03-22
172,Trixi,57,4,NaN.undefined@gmail.com,1969-01-01
173,Max,50,3,NaN.undefined@gmail.com,1934-04-27
174,Aryn,26,2,NaN.undefined@gmail.com,1968-06-22
175,Reeba,47,3,NaN.undefined@gmail.com,1932-12-14
176,Talya,63,1,NaN.undefined@gmail.com,1969-09-05
177,Sherrie,20,5,NaN.undefined@gmail.com,1947-09-24
178,Rochette,68,1,NaN.undefined@gmail.com,1976-02-15
179,Alexine,26,5,NaN.undefined@gmail.com,1987-10-30
180,Hannis,29,5,NaN.undefined@gmail.com,1931-01-21
181,Emma,61,5,NaN.undefined@gmail.com,1988-06-09
182,Mureil,23,1,NaN.undefined@gmail.com,1971-11-25
183,Lonnie,40,3,NaN.undefined@gmail.com,1995-07-21
184,Evaleen,29,5,NaN.undefined@gmail.com,2004-06-15
185,Romona,43,4,NaN.undefined@gmail.com,1931-12-11
186,Olivette,60,2,NaN.undefined@gmail.com,1999-09-30
187,Tori,51,4,NaN.undefined@gmail.com,1963-01-03
188,Ellette,41,2,NaN.undefined@gmail.com,1994-06-20
189,Heida,19,3,NaN.undefined@gmail.com,1965-01-18
190,Kaja,45,5,NaN.undefined@gmail.com,1960-05-20
191,Beth,64,4,NaN.undefined@gmail.com,1979-08-03
192,Hildegaard,62,4,NaN.undefined@gmail.com,1930-05-06
193,Kelly,25,1,NaN.undefined@gmail.com,1987-09-20
194,Roseline,23,2,NaN.undefined@gmail.com,1953-06-08
195,Yetty,56,1,NaN.undefined@gmail.com,1989-12-12
196,Janey,46,4,NaN.undefined@gmail.com,1990-07-08
197,Lily,41,3,NaN.undefined@gmail.com,1974-01-22
198,Constance,56,1,NaN.undefined@gmail.com,2004-12-13
199,Glynnis,66,4,NaN.undefined@gmail.com,1987-02-08
